Domain Name,Category
pornhub.com,Adult Content
xvideos.com,Adult Content
redtube.com,Adult Content
xnxx.com,Adult Content
youporn.com,Adult Content
brazzers.com,Adult Content
onlyfans.com,Adult Content
cam4.com,Adult Content
chaturbate.com,Adult Content
camsoda.com,Adult Content
bongacams.com,Adult Content
myfreecams.com,Adult Content
livejasmin.com,Adult Content
streamate.com,Adult Content
naughtyamerica.com,Adult Content
metart.com,Adult Content
mofos.com,Adult Content
realitykings.com,Adult Content
adultfriendfinder.com,Adult Content
doubleclick.net,Advertising
ads.google.com,Advertising
adroll.com,Advertising
criteo.com,Advertising
taboola.com,Advertising
outbrain.com,Advertising
media.net,Advertising
propellerads.com,Advertising
adsterra.com,Advertising
popads.net,Advertising
revcontent.com,Advertising
content.ad,Advertising
mgid.com,Advertising
bidvertiser.com,Advertising
adf.ly,Advertising
infolinks.com,Advertising
exoclick.com,Advertising
sulvo.com,Advertising
buysellads.com,Advertising
yahoo.com/ads,Advertising
chase.com,Banking
wellsfargo.com,Banking
bankofamerica.com,Banking
citibank.com,Banking
usbank.com,Banking
hsbc.com,Banking
barclays.co.uk,Banking
natwest.com,Banking
lloydsbank.com,Banking
rbs.com,Banking
bnpparibas.com,Banking
societegenerale.com,Banking
credit-suisse.com,Banking
ubs.com,Banking
unicreditgroup.eu,Banking
deutsche-bank.de,Banking
ing.com,Banking
rabobank.com,Banking
abnamro.com,Banking
bbva.com,Banking
santander.com,Banking
caixabank.com,Banking
bb.com.br,Banking
itau.com.br,Banking
bradesco.com.br,Banking
anz.com,Banking
westpac.com.au,Banking
nab.com.au,Banking
commbank.com.au,Banking
mufg.jp,Banking
sumitrust.co.jp,Banking
smbc.co.jp,Banking
hsbc.com.hk,Banking
hangseng.com,Banking
bankofchina.com,Banking
icicibank.com,Banking
hdfcbank.com,Banking
sbi.co.in,Banking
axisbank.com,Banking
kotak.com,Banking
rbc.com,Banking
td.com,Banking
scotiabank.com,Banking
bmo.com,Banking
cibc.com,Banking
medium.com,Blogging/Publishing
wordpress.com,Blogging/Publishing
blogger.com,Blogging/Publishing
weebly.com,Blogging/Publishing
squarespace.com,Blogging/Publishing
tumblr.com,Blogging/Publishing
ghost.org,Blogging/Publishing
wix.com,Blogging/Publishing
livejournal.com,Blogging/Publishing
substack.com,Blogging/Publishing
hubpages.com,Blogging/Publishing
problogger.com,Blogging/Publishing
typepad.com,Blogging/Publishing
bloglovin.com,Blogging/Publishing
edublogs.org,Blogging/Publishing
strikingly.com,Blogging/Publishing
postach.io,Blogging/Publishing
write.as,Blogging/Publishing
jotform.com,Blogging/Publishing
google.com,Search Engines
googleapis.com,Content Servers;Personal Blogs
root-servers.net,Technology
apple.com,Information Technology;Technology
gstatic.com,Content Servers
facebook.com,Social Networks
tiktokcdn.com,Content Servers;Social Networks
microsoft.com,Information Technology;Business
amazonaws.com,Technology
googlevideo.com,Search Engines;Video Streaming
cloudflare.com,Technology
fbcdn.net,Social Networks
youtube.com,Video Streaming
icloud.com,File Sharing;Content Servers
whatsapp.net,Instant Messengers;Internet Phone & VOIP
apple-dns.net,Content Servers
instagram.com,Social Networks
googleusercontent.com,Content Servers
amazon.com,Ecommerce
akadns.net,Content Servers
tiktokv.com,Social Networks;Video Streaming
googlesyndication.com,Search Engines;Advertisements
akamai.net,Content Servers
gvt2.com,Content Servers
ntp.org,Technology;Government
cloudfront.net,Content Servers;Science;Technology
cloudflare-dns.com,Content Servers
live.com,Technology;Webmail
akamaiedge.net,Content Servers
cdn77.org,Content Servers
gvt1.com,Content Servers
bing.com,Search Engines
ytimg.com,Content Servers
aaplimg.com,Information Technology;Content Servers;Technology
cdninstagram.com,Content Servers
netflix.com,Movies;Video Streaming
spotify.com,Audio Streaming
googleadservices.com,Advertisements
google-analytics.com,Business;Technology
bytefcdn-oversea.com,Content Servers
office.com,Technology
snapchat.com,Social Networks
yahoo.com,News & Media
twitter.com,Social Networks
one.one,Information Technology
digicert.com,Information Security
dns.google,Information Technology
app-analytics-services.com,Content Servers
unity3d.com,Gaming;Technology
app-measurement.com,APIs
amazon-adsystem.com,Advertisements
fastly.net,Information Security;Information Technology;Technology
ttlivecdn.com,Content Servers
msftncsi.com,Content Servers
applovin.com,Business;Technology
ui.com,Technology
googletagmanager.com,Content Servers
azure.com,Technology
samsung.com,Home & Garden;Technology
msn.com,News & Media
trafficmanager.net,Information Technology;Content Servers
ggpht.com,Content Servers
rocket-cdn.com,Content Servers
skype.com,Instant Messengers;Internet Phone & VOIP
lencr.org,Information Technology
baidu.com,Search Engines
roblox.com,Gaming;Safe for Kids
linkedin.com,Professional Networking
appsflyersdk.com,Content Servers;APIs
wikipedia.org,Education
bytefcdn-ttpeu.com,Content Servers
microsoftonline.com,Technology
sentry.io,Business
xiaomi.com,Technology
windows.net,Technology
qq.com,News & Media
office365.com,Technology
gmail.com,Webmail
3gppnetwork.org,Content Servers
android.com,Technology
office.net,Content Servers
tiktokcdn-us.com,Content Servers
windows.com,Information Technology
cdn-apple.com,Content Servers
doubleverify.com,Business;Technology
windowsupdate.com,Information Technology;Business
rbxcdn.com,Content Servers
casalemedia.com,Advertisements
qlivecdn.com,
2mdn.net,Content Servers
smartadserver.com,Advertisements
miui.com,Technology
sharepoint.com,File Sharing;Technology
mzstatic.com,Information Technology;Technology
crashlytics.com,Information Technology
zoom.us,Technology
adnxs.com,Content Servers
slack.com,Communication
teams.microsoft.com,Communication
webex.com,Communication
googlemeet.com,Communication
bluejeans.com,Communication
gotomeeting.com,Communication
join.me,Communication
8x8.com,Communication
voxer.com,Communication
viber.com,Communication
signal.org,Communication
telegram.org,Communication
whatsapp.com,Communication
wechat.com,Communication
line.me,Communication
messenger.com,Communication
discord.com,Communication
bitcoin.com,Cryptocurrency
coinbase.com,Cryptocurrency
binance.com,Cryptocurrency
kraken.com,Cryptocurrency
blockchain.com,Cryptocurrency
bitfinex.com,Cryptocurrency
bitstamp.net,Cryptocurrency
poloniex.com,Cryptocurrency
bittrex.com,Cryptocurrency
gemini.com,Cryptocurrency
coinmarketcap.com,Cryptocurrency
coindesk.com,Cryptocurrency
cointelegraph.com,Cryptocurrency
cryptocompare.com,Cryptocurrency
coinpaprika.com,Cryptocurrency
coinwarz.com,Cryptocurrency
cryptowatch.com,Cryptocurrency
etherscan.io,Cryptocurrency
bitpay.com,Cryptocurrency
ebay.com,E-commerce
alibaba.com,E-commerce
etsy.com,E-commerce
walmart.com,E-commerce
flipkart.com,E-commerce
bestbuy.com,E-commerce
target.com,E-commerce
shopify.com,E-commerce
mercadolibre.com,E-commerce
rakuten.co.jp,E-commerce
taobao.com,E-commerce
jd.com,E-commerce
zalando.com,E-commerce
wayfair.com,E-commerce
overstock.com,E-commerce
coupang.com,E-commerce
asos.com,E-commerce
myntra.com,E-commerce
hulu.com,Entertainment
disneyplus.com,Entertainment
twitch.tv,Entertainment
hbo.com,Entertainment
vudu.com,Entertainment
pandora.com,Entertainment
imdb.com,Entertainment
primevideo.com,Entertainment
vimeo.com,Entertainment
dailymotion.com,Entertainment
soundcloud.com,Entertainment
last.fm,Entertainment
deezer.com,Entertainment
audible.com,Entertainment
apple.com/music,Entertainment
shazam.com,Entertainment
dropbox.com,File Sharing/Storage
drive.google.com,File Sharing/Storage
onedrive.com,File Sharing/Storage
box.com,File Sharing/Storage
mediafire.com,File Sharing/Storage
mega.nz,File Sharing/Storage
pcloud.com,File Sharing/Storage
zippyshare.com,File Sharing/Storage
we.tl,File Sharing/Storage
rapidshare.com,File Sharing/Storage
yousendit.com,File Sharing/Storage
sendspace.com,File Sharing/Storage
4shared.com,File Sharing/Storage
wetransfer.com,File Sharing/Storage
sync.com,File Sharing/Storage
nextcloud.com,File Sharing/Storage
owncloud.org,File Sharing/Storage
tresorit.com,File Sharing/Storage
spideroak.com,File Sharing/Storage
stackoverflow.com,Forums/Community
quora.com,Forums/Community
reddit.com,Forums/Community
4chan.org,Forums/Community
slashdot.org,Forums/Community
hackernews.com,Forums/Community
voat.co,Forums/Community
metafilter.com,Forums/Community
somethingawful.com,Forums/Community
gaiaonline.com,Forums/Community
neoseeker.com,Forums/Community
resetera.com,Forums/Community
theverge.com/forums,Forums/Community
xkcd.com,Forums/Community
ycombinator.com,Forums/Community
producthunt.com,Forums/Community
dribbble.com,Forums/Community
behance.net,Forums/Community
store.steampowered.com,Gaming
epicgames.com,Gaming
riotgames.com,Gaming
blizzard.com,Gaming
playstation.com,Gaming
xbox.com,Gaming
nintendo.com,Gaming
ign.com,Gaming
gamespot.com,Gaming
kotaku.com,Gaming
polygon.com,Gaming
gamefaqs.com,Gaming
gameinformer.com,Gaming
gamasutra.com,Gaming
giantbomb.com,Gaming
eurogamer.net,Gaming
pcgamer.com,Gaming
rockpapershotgun.com,Gaming
mmorpg.com,Gaming
gamepressure.com,Gaming
gamer.com,Gaming
nvidia.com,Tech/Hardware
intel.com,Tech/Hardware
wikimedia.org,Reference
github.com,Tech/Services
encyclopedia.com,Reference
tripadvisor.com,Travel/Transportation
hp.com,Tech/Hardware
uber.com,Travel/Transportation
airbnb.com,Travel/Transportation
oracle.com,Tech/Services
steam.com,Gaming
visa.com,Finance
booking.com,Travel/Transportation
guardian.co.uk,News/Media
duckduckgo.com,Search Engine
mastercard.com,Finance
lenovo.com,Tech/Hardware
pinterest.com,Social Media
forbes.com,News/Media
washingtonpost.com,News/Media
reuters.com,News/Media
americanexpress.com,Finance
stripe.com,Finance
cisco.com,Tech/Hardware
ibm.com,Tech/Services
expedia.com,Travel/Transportation
wsj.com,News/Media
adobe.com,Tech/Services
cnn.com,News/Media
lyft.com,Travel/Transportation
paypal.com,Finance
britannica.com,Reference
salesforce.com,Tech/Services
dell.com,Tech/Services
nytimes.com,News/Media
bbc.com,News/Media
tiktok.com,Social Media
acer.com,Tech/Hardware
aljazeera.com,News/Media
americanairlines.com,Travel/Transportation
archive.org,Reference
asus.com,Tech/Hardware
atlassian.com,Tech/Services
autotrader.com,E-commerce
avis.com,Travel/Transportation
aws.amazon.com,Tech/Services
azure.microsoft.com,Tech/Services
badoo.com,Social Media
bandcamp.com,Entertainment
biomedcentral.com,Reference
bitbucket.org,Tech/Services
bloomberg.com,News/Media
buzzfeed.com,News/Media
carmax.com,E-commerce
citeseerx.ist.psu.edu,Reference
clubhouse.com,Social Media
cnbc.com,News/Media
cnet.com,News/Media
codecademy.com,Tech/Services
costco.com,E-commerce
coursera.org,Tech/Services
crunchyroll.com,Entertainment
delta.com,Travel/Transportation
diasporafoundation.org,Social Media
dictionary.com,Reference
digitalocean.com,Tech/Services
economist.com,News/Media
edx.org,Tech/Services
eric.ed.gov,Reference
factcheck.org,Reference
flickr.com,Social Media
foursquare.com,Social Media
ft.com,News/Media
funimation.com,Entertainment
gab.com,Social Media
gitlab.com,Tech/Services
googlecloud.com,Tech/Services
hello.com,Social Media
heroku.com,Tech/Services
hertz.com,Travel/Transportation
homedepot.com,E-commerce
hotels.com,Travel/Transportation
hoteltonight.com,Travel/Transportation
howstuffworks.com,Reference
huawei.com,Tech/Hardware
huffpost.com,News/Media
iheartradio.com,Entertainment
independent.co.uk,News/Media
investopedia.com,Reference
jetblue.com,Travel/Transportation
jetbrains.com,Tech/Services
jstor.org,Reference
kayak.com,Travel/Transportation
khanacademy.org,Tech/Services
latimes.com,News/Media
lg.com,Tech/Hardware
linux.com,Tech/Services
lowes.com,E-commerce
mashable.com,News/Media
mastodon.social,Social Media
meizu.com,Tech/Hardware
mewe.com,Social Media
mix.com,Social Media
mozilla.org,Tech/Services
myspace.com,Social Media
nature.com,Reference
newegg.com,E-commerce
newsweek.com,News/Media
nextdoor.com,Social Media
npr.org,News/Media
oppo.com,Tech/Hardware
orbitz.com,Travel/Transportation
oxfordjournals.org,Reference
panasonic.com,Tech/Hardware
parler.com,Social Media
periscope.tv,Social Media
plos.org,Reference
pluralsight.com,Tech/Services
projectgutenberg.org,Reference
pubmed.ncbi.nlm.nih.gov,Reference
python.org,Tech/Services
qvc.com,E-commerce
reference.com,Reference
researchgate.net,Reference
scholar.google.com,Reference
sears.com,E-commerce
sharp.com,Tech/Hardware
shudder.com,Entertainment
skyscanner.com,Travel/Transportation
sling.com,Entertainment
snopes.com,Reference
sony.com,Tech/Hardware
southwest.com,Travel/Transportation
springer.com,Reference
stackexchange.com,Reference
tagged.com,Social Media
techcrunch.com,News/Media
theatlantic.com,News/Media
thesaurus.com,Reference
theverge.com,News/Media
time.com,News/Media
toshiba.com,Tech/Hardware
trivago.com,Travel/Transportation
tubi.tv,Entertainment
udacity.com,Tech/Services
united.com,Travel/Transportation
usatoday.com,News/Media
vevo.com,Entertainment
vivo.com,Tech/Hardware
vk.com,Social Media
vox.com,News/Media
w3schools.com,Tech/Services
walmart.ca,E-commerce
weibo.com,Social Media
wikibooks.org,Reference
wikinews.org,Reference
wikisource.org,Reference
wiktionary.org,Reference
wired.com,News/Media
worldcat.org,Reference
zipcar.com,Travel/Transportation
zlibrary.org,Reference
techrepublic.com,News/Media
axios.com,News/Media
nationalreview.com,News/Media
politifact.com,News/Media
theintercept.com,News/Media
truthout.org,News/Media
fivethirtyeight.com,News/Media
slate.com,News/Media
theweek.com,News/Media
jacobinmag.com,News/Media
reason.com,News/Media
currentaffairs.org,News/Media
thedailybeast.com,News/Media
salon.com,News/Media
opendemocracy.net,News/Media
foreignaffairs.com,News/Media
prospect.org,News/Media
thediplomat.com,News/Media
qz.com,News/Media
gamesradar.com,Entertainment
vulture.com,Entertainment
empireonline.com,Entertainment
tvguide.com,Entertainment
screencrush.com,Entertainment
broadway.com,Entertainment
rottentomatoes.com,Entertainment
metacritic.com,Entertainment
allmusic.com,Entertainment
boxofficemojo.com,Entertainment
fandango.com,Entertainment
filmcritic.com,Entertainment
letterboxd.com,Entertainment
flixster.com,Entertainment
buzzfeednews.com,Entertainment
digitalspy.com,Entertainment
collider.com,Entertainment
hollywood.com,Entertainment
cinemablend.com,Entertainment
nerdist.com,Entertainment
techmeme.com,Tech/Services
macworld.com,Tech/Services
arstechnica.com,Tech/Services
digitaltrends.com,Tech/Services
anandtech.com,Tech/Services
extremetech.com,Tech/Services
wired.co.uk,Tech/Services
tomsguide.com,Tech/Services
lifewire.com,Tech/Services
bgr.com,Tech/Services
gigaom.com,Tech/Services
venturebeat.com,Tech/Services
9to5mac.com,Tech/Services
slashgear.com,Tech/Services
neowin.net,Tech/Services
betanews.com,Tech/Services
daringfireball.net,Tech/Services
howtogeek.com,Tech/Services
groovypost.com,Tech/Services
saylor.org,Education
classcentral.com,Education
alison.com,Education
futurelearn.com,Education
open.edu,Education
ocw.mit.edu,Education
ed.ted.com,Education
udemy.com,Education
academicearth.org,Education
stanfordonline.stanford.edu,Education
harvardonline.harvard.edu,Education
mooc.org,Education
openculture.com,Education
moodle.org,Education
careerbuilder.com,Jobs/Careers
snagajob.com,Jobs/Careers
glassdoor.com,Jobs/Careers
indeed.com,Jobs/Careers
monster.com,Jobs/Careers
ziprecruiter.com,Jobs/Careers
simplyhired.com,Jobs/Careers
angel.co,Jobs/Careers
weworkremotely.com,Jobs/Careers
thebalancecareers.com,Jobs/Careers
flexjobs.com,Jobs/Careers
remoteok.io,Jobs/Careers
fiverr.com,Jobs/Careers
upwork.com,Jobs/Careers
freelancer.com,Jobs/Careers
toptal.com,Jobs/Careers
peopleperhour.com,Jobs/Careers
zappos.com,Shopping/E-commerce
rakuten.com,Shopping/E-commerce
ikea.com,Shopping/E-commerce
wish.com,Shopping/E-commerce
gearbest.com,Shopping/E-commerce
dhgate.com,Shopping/E-commerce
aliexpress.com,Shopping/E-commerce
macys.com,Shopping/E-commerce
gettr.com,Social Media
truthsocial.com,Social Media
verywellfit.com,Health/Wellness
self.com,Health/Wellness
menshealth.com,Health/Wellness
womenshealthmag.com,Health/Wellness
shape.com,Health/Wellness
health.com,Health/Wellness
prevention.com,Health/Wellness
greatist.com,Health/Wellness
mindbodygreen.com,Health/Wellness
webmd.com,Health/Wellness
mayoclinic.org,Health/Wellness
clevelandclinic.org,Health/Wellness
healthline.com,Health/Wellness
medicinenet.com,Health/Wellness
emedicinehealth.com,Health/Wellness
everydayhealth.com,Health/Wellness
familydoctor.org,Health/Wellness
cdc.gov,Health/Wellness
who.int,Health/Wellness
nih.gov,Health/Wellness
ally.com,Finance/Banking
sofi.com,Finance/Banking
betterment.com,Finance/Banking
wealthfront.com,Finance/Banking
personalcapital.com,Finance/Banking
ynab.com,Finance/Banking
mint.com,Finance/Banking
quickbooks.intuit.com,Finance/Banking
rocketmortgage.com,Finance/Banking
robinhood.com,Finance/Banking
goldmansachs.com,Finance/Banking
morganstanley.com,Finance/Banking
schwab.com,Finance/Banking
ameritrade.com,Finance/Banking
vanguard.com,Finance/Banking
apartments.com,Real Estate
zillow.com,Real Estate
realtor.com,Real Estate
redfin.com,Real Estate
trulia.com,Real Estate
streeteasy.com,Real Estate
homes.com,Real Estate
remax.com,Real Estate
century21.com,Real Estate
sothebysrealty.com,Real Estate
coldwellbanker.com,Real Estate
compass.com,Real Estate
realtytrac.com,Real Estate
rent.com,Real Estate
rentcafe.com,Real Estate
zumper.com,Real Estate
loopnet.com,Real Estate
crexi.com,Real Estate
auction.com,Real Estate
landwatch.com,Real Estate
news.ycombinator.com,News/Media
theguardian.com,News/Media
bbc.com/news,News/Media
lefigaro.fr,News/Media
abc.net.au,News/Media
cbc.ca/news,News/Media
rt.com,News/Media
france24.com,News/Media
dw.com,News/Media
sky.com/news,News/Media
channelnewsasia.com,News/Media
bloombergquint.com,News/Media
cnbc.com/world,News/Media
nzz.ch,News/Media
spiegel.de,News/Media
welt.de,News/Media
hurriyetdailynews.com,News/Media
globes.co.il,News/Media
timesofisrael.com,News/Media
haaretz.com,News/Media
businessinsider.com,News/Media
marketwatch.com,News/Media
tvline.com,Entertainment
deadline.com,Entertainment
hollywoodreporter.com,Entertainment
variety.com,Entertainment
rollingstone.com,Entertainment
ew.com,Entertainment
screenrant.com,Entertainment
thewrap.com,Entertainment
goodreads.com,Entertainment
popbuzz.com,Entertainment
mtv.com,Entertainment
nbc.com,Entertainment
amc.com,Entertainment
myanimelist.net,Entertainment
animenewsnetwork.com,Entertainment
moviepilot.de,Entertainment
gizmodo.com,Tech/Services
engadget.com,Tech/Services
macrumors.com,Tech/Services
lifehacker.com,Tech/Services
9to5google.com,Tech/Services
windowscentral.com,Tech/Services
techspot.com,Tech/Services
androidpolice.com,Tech/Services
xda-developers.com,Tech/Services
gsmarena.com,Tech/Services
ifttt.com,Tech/Services
zapier.com,Tech/Services
buffer.com,Tech/Services
hootsuite.com,Tech/Services
toggl.com,Tech/Services
monday.com,Tech/Services
asana.com,Tech/Services
trello.com,Tech/Services
academic.oup.com,Education
google.com/scholar,Education
arxiv.org,Education
academia.edu,Education
sciencemag.org,Education
biorxiv.org,Education
mit.edu,Education
harvard.edu,Education
stanford.edu,Education
berkeley.edu,Education
yale.edu,Education
princeton.edu,Education
linkedin.com/jobs,Jobs/Careers
job.com,Jobs/Careers
jobstreet.com,Jobs/Careers
stepstone.com,Jobs/Careers
jobserve.com,Jobs/Careers
totaljobs.com,Jobs/Careers
recruit.net,Jobs/Careers
reed.co.uk,Jobs/Careers
roberthalf.com,Jobs/Careers
randstad.com,Jobs/Careers
adecco.com,Jobs/Careers
manpower.com,Jobs/Careers
kellyservices.com,Jobs/Careers
sephora.com,Shopping/E-commerce
ulta.com,Shopping/E-commerce
boohoo.com,Shopping/E-commerce
forever21.com,Shopping/E-commerce
hm.com,Shopping/E-commerce
zara.com,Shopping/E-commerce
gap.com,Shopping/E-commerce
oldnavy.com,Shopping/E-commerce
uniqlo.com,Shopping/E-commerce
minds.com,Social Media
newgrounds.com,Social Media
elllo.org,Social Media
medscape.com,Health/Wellness
psychcentral.com,Health/Wellness
mentalhealth.gov,Health/Wellness
rxlist.com,Health/Wellness
drugs.com,Health/Wellness
medlineplus.gov,Health/Wellness
verywellhealth.com,Health/Wellness
healthychildren.org,Health/Wellness
fitbit.com,Health/Wellness
myfitnesspal.com,Health/Wellness
loseit.com,Health/Wellness
strava.com,Health/Wellness
runkeeper.com,Health/Wellness
mapmyrun.com,Health/Wellness
discover.com,Finance/Banking
capitalone.com,Finance/Banking
citizensbank.com,Finance/Banking
pnc.com,Finance/Banking
suntrust.com,Finance/Banking
bbt.com,Finance/Banking
regions.com,Finance/Banking
synchrony.com,Finance/Banking
foreclosure.com,Real Estate
nydailynews.com,News/Media
news.com.au,News/Media
politico.com,News/Media
thehill.com,News/Media
vice.com,News/Media
newyorker.com,News/Media
theonion.com,News/Media
msnbc.com,News/Media
recode.net,News/Media
boston.com,News/Media
chicagotribune.com,News/Media
sfchronicle.com,News/Media
seattletimes.com,News/Media
miamiherald.com,News/Media
whatculture.com,Entertainment
theplaylist.net,Entertainment
broadwayworld.com,Entertainment
mubi.com,Entertainment
fandor.com,Entertainment
zdnet.com,Tech/Services
techradar.com,Tech/Services
androidcentral.com,Tech/Services
pcmag.com,Tech/Services
tomshardware.com,Tech/Services
ghacks.net,Tech/Services
makeuseof.com,Tech/Services
linkedin.com/learning,Education
classroom.google.com,Education
naukri.com,Jobs/Careers
dice.com,Jobs/Careers
guru.com,Jobs/Careers
kidshealth.org,Health/Wellness
fidelity.com,Finance/Banking
square.com,Finance/Banking
forrent.com,Real Estate
cozy.co,Real Estate
hotpads.com,Real Estate
bbc.co.uk,News/Media
thehindu.com,News/Media
chinadaily.com.cn,News/Media
nhk.or.jp,News/Media
lemonde.fr,News/Media
eluniversal.com.mx,News/Media
elpais.com,News/Media
corriere.it,News/Media
cbsnews.com,News/Media
abcnews.go.com,News/Media
nbcnews.com,News/Media
foxnews.com,News/Media
grooveshark.com,Entertainment
mixcloud.com,Entertainment
weheartit.com,Entertainment
buzznet.com,Entertainment
pitchfork.com,Entertainment
basecamp.com,Tech/Services
jira.com,Tech/Services
airtable.com,Tech/Services
bookdepository.com,Shopping/E-commerce
barnesandnoble.com,Shopping/E-commerce
bookshop.org,Shopping/E-commerce
powells.com,Shopping/E-commerce
thriftbooks.com,Shopping/E-commerce
alibris.com,Shopping/E-commerce
betterworldbooks.com,Shopping/E-commerce
wordery.com,Shopping/E-commerce
abebooks.com,Shopping/E-commerce
meetup.com,Social Media
classmates.com,Social Media
deviantart.com,Social Media
blackplanet.com,Social Media
stumbleupon.com,Social Media
myyearbook.com,Social Media
xanga.com,Social Media
peach.com,Social Media
ello.co,Social Media
beeper.com,Social Media
,Social Media
futurenotes.com,Time Capsule Websites
lettertothefuture.com,Time Capsule Websites
timecapsule.org,Time Capsule Websites
mementobox.com,Time Capsule Websites
postfuturo.com,Time Capsule Websites
memoriesinadvance.com,Time Capsule Websites
futureself.io,Time Capsule Websites
timepost.io,Time Capsule Websites
future-self.com,Time Capsule Websites
futureletter.org,Time Capsule Websites
datavisualization.ch,Data Visualization and Infographics
visualizing.org,Data Visualization and Infographics
pudding.cool,Data Visualization and Infographics
datawrapper.de,Data Visualization and Infographics
viz.wtf,Data Visualization and Infographics
datadrop.com,Data Visualization and Infographics
storytellingwithdata.com,Data Visualization and Infographics
pictograph.io,Data Visualization and Infographics
graphcommons.com,Data Visualization and Infographics
dataisbeautiful.com,Data Visualization and Infographics
omniglot.com,Random Knowledge Generators
thefactsite.com,Random Knowledge Generators
brainjet.com,Random Knowledge Generators
nowiknow.com,Random Knowledge Generators
factmonster.com,Random Knowledge Generators
weirdfacts.com,Random Knowledge Generators
factretriever.com,Random Knowledge Generators
todayilearned.co,Random Knowledge Generators
triviamaker.com,Random Knowledge Generators
listverse.com,Random Knowledge Generators
listenonrepeat.com,Curated Playlist Communities
mixkit.co,Curated Playlist Communities
chillhop.com,Curated Playlist Communities
playlist.net,Curated Playlist Communities
playlistguru.com,Curated Playlist Communities
jazzradio.com,Curated Playlist Communities
relaxdaily.net,Curated Playlist Communities
pretzel.rocks,Curated Playlist Communities
hillydilly.com,Curated Playlist Communities
trntbl.co,Curated Playlist Communities
escapethemysteryroom.com,Digital Escape Rooms
onlineescapegames.com,Digital Escape Rooms
trapgame.com,Digital Escape Rooms
escapeops.com,Digital Escape Rooms
riddleescape.com,Digital Escape Rooms
mindmaze.com,Digital Escape Rooms
escapeexpert.com,Digital Escape Rooms
breakoutedu.com,Digital Escape Rooms
escaperoomz.com,Digital Escape Rooms
escaperoomsdirectory.com,Digital Escape Rooms
openai.com/gpt-3,AI Experimentation Platforms
dream.ai,AI Experimentation Platforms
sketch.metademolab.com,AI Experimentation Platforms
replika.com,AI Experimentation Platforms
ai-ml.club,AI Experimentation Platforms
shapescale.com,AI Experimentation Platforms
aiartonline.com,AI Experimentation Platforms
letsenhance.io,AI Experimentation Platforms
deepai.org,AI Experimentation Platforms
talktotransformer.net,AI Experimentation Platforms
groklearning.com,Micro-Learning Platforms
codingame.com,Micro-Learning Platforms
memorangapp.com,Micro-Learning Platforms
shortform.com,Micro-Learning Platforms
microbook.com,Micro-Learning Platforms
factsumo.com,Micro-Learning Platforms
blinklearning.com,Micro-Learning Platforms
learnwitholiver.com,Micro-Learning Platforms
sololearn.com,Micro-Learning Platforms
brainpop.com,Micro-Learning Platforms
ifdb.org,Interactive Storytelling
chooseyourstory.org,Interactive Storytelling
storyweaver.org.in,Interactive Storytelling
makeyourownadventure.com,Interactive Storytelling
chooseyourfate.com,Interactive Storytelling
narrativefirst.com,Interactive Storytelling
storium.com,Interactive Storytelling
sequentialtales.com,Interactive Storytelling
storydice.com,Interactive Storytelling
chooseyourstory.net,Interactive Storytelling
thegarden.io,Digital Gardens
mindgarden.io,Digital Gardens
ideaflow.io,Digital Gardens
brainstructure.io,Digital Gardens
zenkit.com,Digital Gardens
digitaljournal.io,Digital Gardens
obsidianflow.com,Digital Gardens
mindtree.io,Digital Gardens
webgarden.io,Digital Gardens
lifetree.io,Digital Gardens
gamebrew.org,Obscure Game Archives
classicdosgames.com,Obscure Game Archives
arcadeox.com,Obscure Game Archives
nesfiles.com,Obscure Game Archives
atarimania.com,Obscure Game Archives
classicgamesarcade.com,Obscure Game Archives
retrozone.com,Obscure Game Archives
virtualnes.com,Obscure Game Archives
c64games.com,Obscure Game Archives
nesbox.com,Obscure Game Archives
virtualmemorials.com,Online Memorials
foreverfuneral.com,Online Memorials
lifememorial.com,Online Memorials
online-obituary.com,Online Memorials
foreverremembered.com,Online Memorials
digitaltombstones.com,Online Memorials
memorywall.com,Online Memorials
legacykeeper.com,Online Memorials
digitalfarewell.com,Online Memorials
memorialbook.com,Online Memorials
lockpicking101.com,Hyper-Specific Forums
yoyonation.net,Hyper-Specific Forums
marblecollector.com,Hyper-Specific Forums
puzzleboxworld.com,Hyper-Specific Forums
customdice.com,Hyper-Specific Forums
petpeeps.com,Hyper-Specific Forums
slingshotforum.com,Hyper-Specific Forums
campstovecommunity.com,Hyper-Specific Forums
bartertown.com,Hyper-Specific Forums
hamradioboard.com,Hyper-Specific Forums
thehappyplace.com,Oddly Satisfying
satisfying.media,Oddly Satisfying
visuallysatisfying.com,Oddly Satisfying
looplooploop.com,Oddly Satisfying
calm.com,Oddly Satisfying
oddlysatisfying.net,Oddly Satisfying
satisfyingvideos.net,Oddly Satisfying
audiocomfort.com,Oddly Satisfying
chillzone.com,Oddly Satisfying
softwaves.net,Oddly Satisfying
travelmood.com,Virtual Travel and Exploration
remoteviews.com,Virtual Travel and Exploration
360virtualtour.com,Virtual Travel and Exploration
aroundtheworldin80clicks.com,Virtual Travel and Exploration
journey360.com,Virtual Travel and Exploration
skyviewmap.com,Virtual Travel and Exploration
viewatlas.com,Virtual Travel and Exploration
goglobes.com,Virtual Travel and Exploration
landscape360.com,Virtual Travel and Exploration
virtualworldtour.com,Virtual Travel and Exploration
futureme.org,Time Capsule Websites
sendtothefuture.com,Time Capsule Websites
lettertomyfutureself.net,Time Capsule Websites
timetravelmail.com,Time Capsule Websites
capsuletime.com,Time Capsule Websites
latergram.me,Time Capsule Websites
timecave.com,Time Capsule Websites
distantfuture.com,Time Capsule Websites
dearfutureme.com,Time Capsule Websites
futureme.email,Time Capsule Websites
informationisbeautiful.net,Data Visualization and Infographics
flowingdata.com,Data Visualization and Infographics
visual.ly,Data Visualization and Infographics
tableaupublic.com,Data Visualization and Infographics
datavizproject.com,Data Visualization and Infographics
gapminder.org,Data Visualization and Infographics
chartblocks.com,Data Visualization and Infographics
rawgraphs.io,Data Visualization and Infographics
infogram.com,Data Visualization and Infographics
flourish.studio,Data Visualization and Infographics
randomtriviagenerator.com,Random Knowledge Generators
uselessfacts.net,Random Knowledge Generators
mentalfloss.com,Random Knowledge Generators
didyouknow.org,Random Knowledge Generators
factslides.com,Random Knowledge Generators
wtffunfact.com,Random Knowledge Generators
coolfunfacts.com,Random Knowledge Generators
randomfactgenerator.net,Random Knowledge Generators
totallyuselessfacts.com,Random Knowledge Generators
triviaplanet.com,Random Knowledge Generators
8tracks.com,Curated Playlist Communities
soundsgood.co,Curated Playlist Communities
playlists.net,Curated Playlist Communities
playlistpush.com,Curated Playlist Communities
tunemymusic.com,Curated Playlist Communities
playlists.com,Curated Playlist Communities
curateaudio.com,Curated Playlist Communities
soundplate.com,Curated Playlist Communities
playlistmachinery.com,Curated Playlist Communities
enchambered.com,Digital Escape Rooms
theescapegame.com,Digital Escape Rooms
escapeathome.co.uk,Digital Escape Rooms
escaperoom.com,Digital Escape Rooms
mr-x.ca,Digital Escape Rooms
escaperoomhub.com,Digital Escape Rooms
unlock.fun,Digital Escape Rooms
trappedintheweb.com,Digital Escape Rooms
thecyberroom.com,Digital Escape Rooms
escapehunt.com,Digital Escape Rooms
aidungeon.io,AI Experimentation Platforms
talktotransformer.com,AI Experimentation Platforms
deepdreamgenerator.com,AI Experimentation Platforms
runwayml.com,AI Experimentation Platforms
playgroundai.com,AI Experimentation Platforms
thispersondoesnotexist.com,AI Experimentation Platforms
openai.com/dall-e,AI Experimentation Platforms
replika.ai,AI Experimentation Platforms
botsociety.io,AI Experimentation Platforms
aiexperiments.withgoogle.com,AI Experimentation Platforms
blinkist.com,Micro-Learning Platforms
quizlet.com,Micro-Learning Platforms
getabstract.com,Micro-Learning Platforms
knowable.fyi,Micro-Learning Platforms
cognitoforms.com,Micro-Learning Platforms
duolingo.com,Micro-Learning Platforms
memrise.com,Micro-Learning Platforms
twinery.org,Interactive Storytelling
chooseyourstory.com,Interactive Storytelling
textadventures.co.uk,Interactive Storytelling
inklestudios.com,Interactive Storytelling
fiction.live,Interactive Storytelling
storynexus.com,Interactive Storytelling
storybird.com,Interactive Storytelling
plotagon.com,Interactive Storytelling
unmemory.info,Interactive Storytelling
cloudnovel.net,Interactive Storytelling
zettelkasten.de,Digital Gardens
gardeners.com,Digital Gardens
notion.so,Digital Gardens
obsidian.md,Digital Gardens
roamresearch.com,Digital Gardens
tiddlywiki.com,Digital Gardens
are.na,Digital Gardens
digitalgardens.xyz,Digital Gardens
public.digitalgardens.io,Digital Gardens
forestry.io,Digital Gardens
archive.org/details/internetarcade,Obscure Game Archives
classicreload.com,Obscure Game Archives
myabandonware.com,Obscure Game Archives
playclassic.games,Obscure Game Archives
dosgamesarchive.com,Obscure Game Archives
retro-gaming.online,Obscure Game Archives
retrogames.cc,Obscure Game Archives
abandonwaredos.com,Obscure Game Archives
playdosgamesonline.com,Obscure Game Archives
squakenet.com,Obscure Game Archives
findagrave.com,Online Memorials
legacy.com,Online Memorials
billiongraves.com,Online Memorials
tributes.com,Online Memorials
forevermissed.com,Online Memorials
gonetoosoon.org,Online Memorials
mem.com,Online Memorials
remembered.com,Online Memorials
foreverinourhearts.net,Online Memorials
inremembrance.com,Online Memorials
candlepowerforums.com,Hyper-Specific Forums
ravelry.com,Hyper-Specific Forums
bladeforums.com,Hyper-Specific Forums
thehuntinglife.com,Hyper-Specific Forums
flyertalk.com,Hyper-Specific Forums
pprune.org,Hyper-Specific Forums
specktra.net,Hyper-Specific Forums
thestudentroom.co.uk,Hyper-Specific Forums
airliners.net,Hyper-Specific Forums
mytractorforum.com,Hyper-Specific Forums
oddlysatisfyingvideos.com,Oddly Satisfying
digg.com,Oddly Satisfying
boredpanda.com,Oddly Satisfying
theawesomedaily.com,Oddly Satisfying
giphy.com/categories/satisfying,Oddly Satisfying
imgur.com/r/oddlysatisfying,Oddly Satisfying
reddit.com/r/oddlysatisfying,Oddly Satisfying
youtube.com/channel/UCdm_eyJbXrfHEba3dU5eS1Q,Oddly Satisfying
buzzfeed.com/oddlysatisfying,Oddly Satisfying
smashitsports.com,Oddly Satisfying
window-swap.com,Virtual Travel and Exploration
airpano.com,Virtual Travel and Exploration
360cities.net,Virtual Travel and Exploration
geoguessr.com,Virtual Travel and Exploration
streetviewfun.com,Virtual Travel and Exploration
earthcam.com,Virtual Travel and Exploration
viewfrommyseat.com,Virtual Travel and Exploration
google.com/earth,Virtual Travel and Exploration
virtualtourist.com,Virtual Travel and Exploration
survivalskillsonline.com,Survival Skills
modernsurvivalblog.com,Survival Skills
thesurvivalistblog.net,Survival Skills
survivallife.com,Survival Skills
offgridweb.com,Survival Skills
survivalsullivan.com,Survival Skills
skilledsurvival.com,Survival Skills
prepperssurvive.com,Survival Skills
readynutrition.com,Survival Skills
americanpreppersnetwork.com,Survival Skills
hackaday.com,Ethical Hacking and Cybersecurity
cybrary.it,Ethical Hacking and Cybersecurity
offensive-security.com,Ethical Hacking and Cybersecurity
kali.org,Ethical Hacking and Cybersecurity
null-byte.com,Ethical Hacking and Cybersecurity
hackthissite.org,Ethical Hacking and Cybersecurity
hackerone.com,Ethical Hacking and Cybersecurity
cybersecuritynews.com,Ethical Hacking and Cybersecurity
darknet.org.uk,Ethical Hacking and Cybersecurity
securityweekly.com,Ethical Hacking and Cybersecurity
exploit-db.com,Ethical Hacking and Cybersecurity
ethicalhacking.org,Ethical Hacking and Cybersecurity
hackthis.co.uk,Ethical Hacking and Cybersecurity
theminimalists.com,Minimalist Living
bemorewithless.com,Minimalist Living
mnmlist.com,Minimalist Living
minimalistbaker.com,Minimalist Living
simplelionheartlife.com,Minimalist Living
breakthetwitch.com,Minimalist Living
nosidebar.com,Minimalist Living
theminimalistvegan.com,Minimalist Living
mygreencloset.com,Minimalist Living
becomingminimalist.com,Minimalist Living
skyandtelescope.com,Astronomy and Space Exploration
astronomy.com,Astronomy and Space Exploration
universetoday.com,Astronomy and Space Exploration
spacex.com,Astronomy and Space Exploration
nasa.gov,Astronomy and Space Exploration
spaceweather.com,Astronomy and Space Exploration
planetary.org,Astronomy and Space Exploration
space.com,Astronomy and Space Exploration
cosmosmagazine.com,Astronomy and Space Exploration
heavens-above.com,Astronomy and Space Exploration
esa.int,Astronomy and Space Exploration
jpl.nasa.gov,Astronomy and Space Exploration
theunexplainedmysteries.com,Paranormal and Mysteries
paranormal-encounters.com,Paranormal and Mysteries
mysteriousuniverse.org,Paranormal and Mysteries
phantomsandmonsters.com,Paranormal and Mysteries
theparanormalguide.com,Paranormal and Mysteries
cryptomundo.com,Paranormal and Mysteries
unsolvedmysteries.com,Paranormal and Mysteries
weekinweird.com,Paranormal and Mysteries
paranormalis.com,Paranormal and Mysteries
coasttocoastam.com,Paranormal and Mysteries
handmadeology.com,Traditional Handicrafts
pioneerthinking.com,Traditional Handicrafts
handicraft.com,Traditional Handicrafts
allfreecrafts.com,Traditional Handicrafts
craftsforkids.com,Traditional Handicrafts
motherofahubbard.com,Traditional Handicrafts
needleworkcrafts.info,Traditional Handicrafts
diynatural.com,Traditional Handicrafts
traditionalhandcrafts.org,Traditional Handicrafts
grannysneedle.com,Traditional Handicrafts
offthegridnews.com,Off-Grid Living
offgridworld.com,Off-Grid Living
purelivingforlife.com,Off-Grid Living
modernhomesteading.com,Off-Grid Living
offgridpermaculture.com,Off-Grid Living
theprepperjournal.com,Off-Grid Living
thehomesteadinghippy.com,Off-Grid Living
thereluctanthomesteader.com,Off-Grid Living
offgridquest.com,Off-Grid Living
offgridliving.com,Off-Grid Living
alternative-medicine.net,Alternative Medicine
herbwisdom.com,Alternative Medicine
healthyandnaturalworld.com,Alternative Medicine
drweil.com,Alternative Medicine
homeopathycenter.org,Alternative Medicine
ayurveda.com,Alternative Medicine
naturopathic.org,Alternative Medicine
chopra.com,Alternative Medicine
wellnessmama.com,Alternative Medicine
holistichealthliving.com,Alternative Medicine
thetruthaboutcancer.com,Alternative Medicine
extremesportsx.com,Extreme Sports
redbull.com/extreme,Extreme Sports
xgames.com,Extreme Sports
adrenalist.com,Extreme Sports
extreme.com,Extreme Sports
adrenaline.com,Extreme Sports
epictv.com,Extreme Sports
extremeoutdoors.com,Extreme Sports
actionhub.com,Extreme Sports
basejumper.com,Extreme Sports
savetherhino.org,Rare Animal Conservation
pandas.org,Rare Animal Conservation
tigers.org,Rare Animal Conservation
conserveturtles.org,Rare Animal Conservation
worldwildlife.org,Rare Animal Conservation
defenders.org,Rare Animal Conservation
iccfoundation.us,Rare Animal Conservation
marineconservation.org,Rare Animal Conservation
speciesconservation.org,Rare Animal Conservation
rarespeciesfund.org,Rare Animal Conservation
sciencedaily.com,Science/Research
springernature.com,Science/Research
frontiersin.org,Science/Research
mdpi.com,Science/Research
cambridge.org,Science/Research
elsevier.com,Science/Research
wiley.com,Science/Research
royalsocietypublishing.org,Science/Research
pnas.org,Science/Research
hindawi.com,Science/Research
taylorandfrancis.com,Science/Research
sagepub.com,Science/Research
bmj.com,Science/Research
craftsy.com,Hobbies/Crafts
instructables.com,Hobbies/Crafts
diy.org,Hobbies/Crafts
makezine.com,Hobbies/Crafts
knitpicks.com,Hobbies/Crafts
sewmag.co.uk,Hobbies/Crafts
artofmanliness.com,Hobbies/Crafts
modelrailroadacademy.com,Hobbies/Crafts
gardenista.com,Hobbies/Crafts
apartmenttherapy.com,Hobbies/Crafts
steampoweredfamily.com,Hobbies/Crafts
craftgossip.com,Hobbies/Crafts
craftster.org,Hobbies/Crafts
bhg.com,Hobbies/Crafts
hgtv.com,Hobbies/Crafts
woodmagazine.com,Hobbies/Crafts
finewoodworking.com,Hobbies/Crafts
quiltmaker.com,Hobbies/Crafts
scrapbook.com,Hobbies/Crafts
500px.com,Photography
fstoppers.com,Photography
dpreview.com,Photography
digitalcameraworld.com,Photography
petapixel.com,Photography
imaging-resource.com,Photography
pixsy.com,Photography
photobucket.com,Photography
shutterstock.com,Photography
gettyimages.com,Photography
alamy.com,Photography
istockphoto.com,Photography
fotolia.com,Photography
unsplash.com,Photography
pexels.com,Photography
smugmug.com,Photography
zenfolio.com,Photography
photo.net,Photography
thephoblographer.com,Photography
treehugger.com,Environment/Nature
mongabay.com,Environment/Nature
greenpeace.org,Environment/Nature
wwf.org,Environment/Nature
conservation.org,Environment/Nature
nature.org,Environment/Nature
sierraclub.org,Environment/Nature
ecowatch.com,Environment/Nature
earthday.org,Environment/Nature
rainforest-alliance.org,Environment/Nature
oceanconservancy.org,Environment/Nature
carbonbrief.org,Environment/Nature
cleantechnica.com,Environment/Nature
greenbiz.com,Environment/Nature
grist.org,Environment/Nature
scientificamerican.com/environment,Environment/Nature
ensia.com,Environment/Nature
climaterealityproject.org,Environment/Nature
nrdc.org,Environment/Nature
history.com,History
bbc.co.uk/history,History
thehistoryblog.com,History
ancient.eu,History
smithsonianmag.com/history,History
allthatsinteresting.com/history,History
historyextra.com,History
nationalgeographic.com/history,History
historynet.com,History
historic-uk.com,History
medievalists.net,History
ancient-origins.net,History
todayifoundout.com,History
warhistoryonline.com,History
historydaily.org,History
historytoday.com,History
americanhistory.si.edu,History
civilwar.org,History
historyworld.net,History
historicengland.org.uk,History
lonelyplanet.com,Travel
travelandleisure.com,Travel
cntraveler.com,Travel
fodors.com,Travel
ricksteves.com,Travel
roughguides.com,Travel
afar.com,Travel
matadornetwork.com,Travel
nomadicmatt.com,Travel
momondo.com,Travel
vrbo.com,Travel
epicurious.com,Food/Cooking
foodnetwork.com,Food/Cooking
allrecipes.com,Food/Cooking
seriouseats.com,Food/Cooking
smittenkitchen.com,Food/Cooking
thekitchn.com,Food/Cooking
bonappetit.com,Food/Cooking
delish.com,Food/Cooking
chowhound.com,Food/Cooking
food52.com,Food/Cooking
simplyrecipes.com,Food/Cooking
eater.com,Food/Cooking
yummly.com,Food/Cooking
cookinglight.com,Food/Cooking
myrecipes.com,Food/Cooking
bettycrocker.com,Food/Cooking
pillsbury.com,Food/Cooking
marthastewart.com/food,Food/Cooking
saveur.com,Food/Cooking
spruceeats.com,Food/Cooking
thisoldhouse.com,DIY/Home Improvement
familyhandyman.com,DIY/Home Improvement
diynetwork.com,DIY/Home Improvement
diy.com,DIY/Home Improvement
bobvila.com,DIY/Home Improvement
houzz.com,DIY/Home Improvement
doityourself.com,DIY/Home Improvement
thespruce.com,DIY/Home Improvement
housebeautiful.com,DIY/Home Improvement
popularmechanics.com,DIY/Home Improvement
thefamilyhandyman.com,DIY/Home Improvement
architectureartdesigns.com,DIY/Home Improvement
betterhomesandgardens.com,DIY/Home Improvement
countryliving.com,DIY/Home Improvement
gardeningknowhow.com,DIY/Home Improvement
destructoid.com,Gaming
theverge.com/games,Gaming
shacknews.com,Gaming
hitbox.tv,Gaming
beam.pro,Gaming
steamcommunity.com,Gaming
n4g.com,Gaming
rollingstone.com/music,Music
billboard.com,Music
nme.com,Music
stereogum.com,Music
consequenceofsound.net,Music
spin.com,Music
ultimate-guitar.com,Music
genius.com,Music
rapgenius.com,Music
metacritic.com/music,Music
albumoftheyear.org,Music
jamendo.com,Music
reverbnation.com,Music
discogs.com,Music
rateyourmusic.com,Music
vogue.com,Fashion/Beauty
elle.com,Fashion/Beauty
harpersbazaar.com,Fashion/Beauty
cosmopolitan.com,Fashion/Beauty
gq.com,Fashion/Beauty
instyle.com,Fashion/Beauty
allure.com,Fashion/Beauty
refinery29.com,Fashion/Beauty
fashionista.com,Fashion/Beauty
thecut.com,Fashion/Beauty
whoWhatWear.com,Fashion/Beauty
highsnobiety.com,Fashion/Beauty
manrepeller.com,Fashion/Beauty
nylon.com,Fashion/Beauty
popsugar.com/beauty,Fashion/Beauty
byrdie.com,Fashion/Beauty
intothegloss.com,Fashion/Beauty
coveteur.com,Fashion/Beauty
fashionbeans.com,Fashion/Beauty
stylecaster.com,Fashion/Beauty
bodybuilding.com,Fitness/Exercise
muscleandfitness.com,Fitness/Exercise
runnerstribe.com,Fitness/Exercise
running.competitor.com,Fitness/Exercise
triathlete.com,Fitness/Exercise
bicycling.com,Fitness/Exercise
crossfit.com,Fitness/Exercise
yogajournal.com,Fitness/Exercise
dailyburn.com,Fitness/Exercise
fitnessblender.com,Fitness/Exercise
nerdfitness.com,Fitness/Exercise
t-nation.com,Fitness/Exercise
breakingmuscle.com,Fitness/Exercise
livestrong.com,Fitness/Exercise
parents.com,Parenting
whattoexpect.com,Parenting
babycenter.com,Parenting
scarymommy.com,Parenting
mother.ly,Parenting
fatherly.com,Parenting
parenting.com,Parenting
todaysparent.com,Parenting
babble.com,Parenting
mamanatural.com,Parenting
thebump.com,Parenting
moms.com,Parenting
momjunction.com,Parenting
verywellfamily.com,Parenting
babylist.com,Parenting
pregnancyandbaby.com,Parenting
stayathomemum.com.au,Parenting
parenthood.com,Parenting
